year,month,month_day,date_mm_dd_yyyy,any_birds_found_on_route_shift,route_shift,route_name,building_name,building_face_direction,species,found_dead_alive
2019,9,09-10,2019-09-10,Yes,AM,Other (explain in notes),Morrill Hall_242,North,Black-and-white Warbler_Mniotilta varia,Dead
2019,9,09-11,2019-09-11,Yes,AM,Other (explain in notes),Education Building_160,West,Swainson's Thrush_Catharus ustulatus,Dead
2019,9,09-16,2019-09-16,No,AM,Main Quad,Center for Wounded Veterans in Higher Education_1494,NA,NA,NA
2019,9,09-16,2019-09-16,No,AM,Main Quad,Illini Union Bookstore_106,NA,NA,NA
2019,9,09-16,2019-09-16,No,AM,Main Quad,Main Library Bicycle Parking Shelter_1551,NA,NA,NA
2019,9,09-16,2019-09-16,No,AM,Main Quad,Carl R. Woese Institute for Genomic Biology_1080,NA,NA,NA
2019,9,09-16,2019-09-16,No,AM,Main Quad,Chemistry Annex_10,NA,NA,NA
2019,9,09-16,2019-09-16,No,AM,Main Quad,Chemical & Life Sciences Laboratory_70,NA,NA,NA
2019,9,09-16,2019-09-16,No,AM,Main Quad,Morrill Hall_242,NA,NA,NA
2019,9,09-16,2019-09-16,No,AM,Main Quad,All Buildings of Route,NA,NA,NA
2019,9,09-16,2019-09-16,No,PM,Main Quad,All Buildings of Route,NA,NA,NA
2019,9,09-16,2019-09-16,No,PM,Main Quad,All Buildings of Route,NA,NA,NA
2019,9,09-16,2019-09-16,Yes,AM,North Quad,Beckman Institute_228,North,Scarlet Tanager_Piranga olivacea,Dead
2019,9,09-16,2019-09-16,Yes,AM,North Quad,Grainger Engineering Library Information Center_324,South,Common Yellowthroat_Geothlypis trichas,Dead
2019,9,09-16,2019-09-16,Yes,AM,North Quad,Electrical and Computer Engineering_409,South,Magnolia Warbler_Setophaga magnolia,Dead
2019,9,09-16,2019-09-16,Yes,AM,North Quad,Electrical and Computer Engineering_409,North,Swainson's Thrush_Catharus ustulatus,Dead
2019,9,09-16,2019-09-16,Yes,AM,North Quad,Electrical and Computer Engineering_409,South,Black-and-white Warbler_Mniotilta varia,Dead
2019,9,09-16,2019-09-16,Yes,AM,North Quad,Beckman Institute_228,North,Swainson's Thrush_Catharus ustulatus,Alive
2019,9,09-16,2019-09-16,Yes,AM,North Quad,Beckman Institute_228,North,Unidentifiable,Dead
2019,9,09-16,2019-09-16,Yes,AM,North Quad,Beckman Institute_228,North,Unidentifiable,Dead
2019,9,09-16,2019-09-16,Yes,AM,North Quad,Grainger Engineering Library Information Center_324,North,Unidentifiable,Dead
2019,9,09-16,2019-09-16,Yes,PM,North Quad,Beckman Institute_228,North,Tennessee Warbler_Oreothlypis peregrina,Dead
2019,9,09-16,2019-09-16,Yes,PM,North Quad,Beckman Institute_228,North,Northern Parula_Setophaga americana,Dead
2019,9,09-16,2019-09-16,Yes,PM,North Quad,Beckman Institute_228,South,Magnolia Warbler_Setophaga magnolia,Dead
2019,9,09-16,2019-09-16,Yes,PM,North Quad,Beckman Institute_228,South,Magnolia Warbler_Setophaga magnolia,Dead
2019,9,09-16,2019-09-16,Yes,PM,North Quad,Electrical and Computer Engineering_409,South,Tennessee Warbler_Oreothlypis peregrina,Dead
2019,9,09-16,2019-09-16,Yes,PM,North Quad,Beckman Institute_228,South,NA,Dead
2019,9,09-16,2019-09-16,Yes,PM,North Quad,Beckman Institute_228,South,"American Redstart_Setophaga ruticilla
",Dead
2019,9,09-16,2019-09-16,Yes,PM,North Quad,Beckman Institute_228,North,Unidentifiable,Dead
2019,9,09-16,2019-09-16,Yes,PM,North Quad,Beckman Institute_228,North,Unidentifiable,Dead
2019,9,09-16,2019-09-16,Yes,PM,North Quad,Beckman Institute_228,South,Unidentifiable,Dead
2019,9,09-16,2019-09-16,Yes,PM,North Quad,Beckman Institute_228,South,Swainson's Thrush_Catharus ustulatus,Dead
2019,9,09-16,2019-09-16,Yes,PM,North Quad,Beckman Institute_228,South,Unidentifiable,Dead
2019,9,09-16,2019-09-16,Yes,PM,North Quad,Beckman Institute_228,South,Swainson's Thrush_Catharus ustulatus,Dead
2019,9,09-16,2019-09-16,Yes,PM,North Quad,Beckman Institute_228,South,Unidentifiable,Dead
2019,9,09-16,2019-09-16,Yes,PM,North Quad,Beckman Institute_228,South,Unidentifiable,Dead
2019,9,09-16,2019-09-16,Yes,PM,North Quad,Beckman Institute_228,South,Unidentifiable,Dead
2019,9,09-16,2019-09-16,Yes,PM,North Quad,Beckman Institute_228,South,Unidentifiable,Dead
2019,9,09-16,2019-09-16,Yes,PM,North Quad,Beckman Institute_228,South,Unidentifiable,Dead
2019,9,09-16,2019-09-16,Yes,PM,North Quad,Beckman Institute_228,South,Unidentifiable,Dead
2019,9,09-16,2019-09-16,Yes,PM,North Quad,Coordinated Science Laboratory_148,West,Unidentifiable,Dead
2019,9,09-16,2019-09-16,Yes,PM,North Quad,Coordinated Science Laboratory_148,West,Unidentifiable,Dead
2019,9,09-16,2019-09-16,Yes,PM,North Quad,Coordinated Science Laboratory_148,West,Unidentifiable,Dead
2019,9,09-16,2019-09-16,Yes,PM,North Quad,Coordinated Science Laboratory_148,West,Golden-winged Warbler_Vermivora chrysoptera,Dead
2019,9,09-16,2019-09-16,Yes,PM,North Quad,Electrical and Computer Engineering_409,East,Unidentifiable,Dead
2019,9,09-16,2019-09-16,Yes,AM,South Quad,Temple Hoyne Buell Hall_339,East,Black-and-white Warbler_Mniotilta varia,Dead
2019,9,09-16,2019-09-16,Yes,PM,South Quad,Agricultural Engineering Sciences Building_8,West,Red-eyed Vireo_Vireo olivaceus,Dead
2019,9,09-16,2019-09-16,Yes,PM,South Quad,Temple Hoyne Buell Hall_339,North,Ovenbird_Seiurus aurocapilla,Dead
2019,9,09-17,2019-09-17,No,AM,Main Quad,All Buildings of Route,NA,NA,NA
2019,9,09-17,2019-09-17,Yes,PM,Main Quad,Chemical & Life Sciences Laboratory_70,South,Unidentifiable,Dead
2019,9,09-17,2019-09-17,Yes,PM,Main Quad,Chemical & Life Sciences Laboratory_70,South,Unidentifiable,Dead
2019,9,09-17,2019-09-17,Yes,PM,Main Quad,Chemical & Life Sciences Laboratory_70,North,Unidentifiable,Dead
2019,9,09-17,2019-09-17,Yes,AM,North Quad,Beckman Institute_228,North,Bay-breasted Warbler_Setophaga castanea,Dead
2019,9,09-17,2019-09-17,Yes,PM,North Quad,Beckman Institute_228,South,Unidentifiable,Dead
2019,9,09-17,2019-09-17,Yes,PM,North Quad,Electrical and Computer Engineering_409,East,Unidentifiable,Dead
2019,9,09-17,2019-09-17,Yes,PM,North Quad,Electrical and Computer Engineering_409,South,Unidentifiable,Dead
2019,9,09-17,2019-09-17,Yes,PM,North Quad,Micro and Nanotechnology Laboratory_237,East,Unidentifiable,Dead
2019,9,09-17,2019-09-17,Yes,PM,North Quad,Grainger Engineering Library Information Center_324,North,Unidentifiable,Dead
2019,9,09-17,2019-09-17,Yes,PM,North Quad,Beckman Institute_228,South,Chestnut-sided Warbler_Setophaga pensylvanica,Dead
2019,9,09-17,2019-09-17,Yes,PM,North Quad,Beckman Institute_228,South,American Redstart_Setophaga ruticilla,Dead
2019,9,09-17,2019-09-17,Yes,PM,North Quad,Micro and Nanotechnology Laboratory_237,East,Magnolia Warbler_Setophaga magnolia,Dead
2019,9,09-17,2019-09-17,Yes,AM,South Quad,Temple Hoyne Buell Hall_339,West,Blackpoll Warbler_Setophaga striata,Dead
2019,9,09-17,2019-09-17,Yes,AM,South Quad,Temple Hoyne Buell Hall_339,West,Ovenbird_Seiurus aurocapilla,Dead
2019,9,09-17,2019-09-17,Yes,AM,South Quad,Temple Hoyne Buell Hall_339,North,Tennessee Warbler_Oreothlypis peregrina,Alive
2019,9,09-17,2019-09-17,Yes,PM,South Quad,Agricultural Engineering Sciences Building_8,West,Swainson's Thrush_Catharus ustulatus,Dead
2019,9,09-17,2019-09-17,Yes,PM,South Quad,Krannert Art Museum_220,South,Red-eyed Vireo_Vireo olivaceus,Dead
2019,9,09-17,2019-09-17,Yes,PM,South Quad,Agricultural Engineering Sciences Building_8,West,Swainson's Thrush_Catharus ustulatus,Dead
2019,9,09-18,2019-09-18,Yes,AM,Main Quad,Burrill Hall_138,South,Magnolia Warbler_Setophaga magnolia,Dead
2019,9,09-18,2019-09-18,No,PM,Main Quad,All Buildings of Route,NA,NA,NA
2019,9,09-18,2019-09-18,No,AM,North Quad,Siebel Center for Computer Science_563,NA,NA,NA
2019,9,09-18,2019-09-18,No,AM,North Quad,North Campus Parking Deck_1094,NA,NA,NA
2019,9,09-18,2019-09-18,No,AM,North Quad,Beckman Institute_228,NA,NA,NA
2019,9,09-18,2019-09-18,Yes,AM,North Quad,Coordinated Science Laboratory_148,West,Golden-winged Warbler_Vermivora chrysoptera,Dead
2019,9,09-18,2019-09-18,Yes,AM,North Quad,Electrical and Computer Engineering_409,East,Brown Thrasher_Toxostoma rufum,Dead
2019,9,09-18,2019-09-18,Yes,AM,North Quad,Micro and Nanotechnology Laboratory_237,East,Yellow Warbler_Setophaga petechia,Dead
2019,9,09-18,2019-09-18,No,AM,North Quad,Grainger Engineering Library Information Center_324,NA,NA,NA
2019,9,09-18,2019-09-18,No,AM,North Quad,Everitt Electrical & Computer Engineering Laboratory_37,NA,NA,NA
2019,9,09-18,2019-09-18,Yes,PM,North Quad,Beckman Institute_228,South,Unidentifiable,Dead
2019,9,09-18,2019-09-18,Yes,PM,North Quad,Beckman Institute_228,South,Black-and-white Warbler_Mniotilta varia,Dead
2019,9,09-18,2019-09-18,Yes,PM,North Quad,Beckman Institute_228,South,Swainson's Thrush_Catharus ustulatus,Dead
2019,9,09-18,2019-09-18,Yes,PM,North Quad,Beckman Institute_228,South,Nashville Warbler_Oreothlypis ruficapilla,Dead
2019,9,09-18,2019-09-18,Yes,PM,North Quad,Electrical and Computer Engineering_409,East,Unidentifiable,Dead
2019,9,09-18,2019-09-18,Yes,AM,South Quad,Agricultural Engineering Sciences Building_8,South,Unidentifiable,Dead
2019,9,09-18,2019-09-18,Yes,AM,South Quad,Temple Hoyne Buell Hall_339,South,Acadian Flycatcher_Empidonax virescens,Alive
2019,9,09-18,2019-09-18,Yes,AM,South Quad,Business Instructional Facility_1206,South,Swainson's Thrush_Catharus ustulatus,Dead
2019,9,09-18,2019-09-18,Yes,AM,South Quad,Agricultural Engineering Sciences Building_8,West,Swainson's Thrush_Catharus ustulatus,Dead
2019,9,09-18,2019-09-18,No,PM,South Quad,All Buildings of Route,NA,NA,NA
2019,9,09-19,2019-09-19,No,AM,Main Quad,All Buildings of Route,NA,NA,NA
2019,9,09-19,2019-09-19,No,PM,Main Quad,All Buildings of Route,NA,NA,NA
2019,9,09-19,2019-09-19,No,AM,Main Quad,"Center for Wounded Veterans, IGB, Morill, Chem+Life Sciences",NA,NA,NA
2019,9,09-19,2019-09-19,Yes,AM,North Quad,Everitt Electrical & Computer Engineering Laboratory_37,North,Tennessee Warbler_Oreothlypis peregrina,Dead
2019,9,09-19,2019-09-19,Yes,PM,North Quad,Electrical and Computer Engineering_409,South,Tennessee Warbler_Oreothlypis peregrina,Dead
2019,9,09-19,2019-09-19,No,AM,South Quad,All Buildings of Route,NA,NA,NA
2019,9,09-19,2019-09-19,Yes,PM,South Quad,Agricultural Engineering Sciences Building_8,West,Yellow-rumped Warbler_Setophaga coronata,Dead
2019,9,09-20,2019-09-20,No,AM,Main Quad,All Buildings of Route,NA,NA,NA
2019,9,09-20,2019-09-20,No,AM,North Quad,All Buildings of Route,NA,NA,NA
2019,9,09-20,2019-09-20,Yes,PM,North Quad,Beckman Institute_228,North,Unidentifiable,Dead
2019,9,09-20,2019-09-20,Yes,PM,North Quad,Beckman Institute_228,South,Unidentifiable,Dead
2019,9,09-20,2019-09-20,Yes,PM,North Quad,Coordinated Science Laboratory_148,West,Bay-breasted Warbler_Setophaga castanea,Dead
2019,9,09-20,2019-09-20,Yes,PM,North Quad,Coordinated Science Laboratory_148,West,Unidentifiable,Dead
2019,9,09-20,2019-09-20,Yes,PM,North Quad,Electrical and Computer Engineering_409,South,Tennessee Warbler_Oreothlypis peregrina,Dead
2019,9,09-20,2019-09-20,Yes,PM,North Quad,Electrical and Computer Engineering_409,South,Ovenbird_Seiurus aurocapilla,Dead
2019,9,09-20,2019-09-20,Yes,AM,South Quad,Temple Hoyne Buell Hall_339,West,Wilson's Warbler_Cardellina pusilla,Dead
2019,9,09-20,2019-09-20,Yes,PM,South Quad,Law Building_156,South,Blackpoll Warbler_Setophaga striata,Dead
2019,9,09-21,2019-09-21,No,AM,Main Quad,All buildings of route,NA,NA,NA
2019,9,09-21,2019-09-21,Yes,PM,Main Quad,Chemical & Life Sciences Laboratory_70,North,Unidentifiable,Dead
2019,9,09-21,2019-09-21,Yes,AM,North Quad,Digital Computer Laboratory_210,North,Swainson's Thrush_Catharus ustulatus,Dead
2019,9,09-21,2019-09-21,Yes,AM,North Quad,Newmark Civil Engineering Building_24,East,Ovenbird_Seiurus aurocapilla,Dead
2019,9,09-21,2019-09-21,Yes,AM,North Quad,Grainger Engineering Library Information Center_324,North,American Robin_Turdus migratorius,Dead
2019,9,09-21,2019-09-21,Yes,AM,North Quad,Beckman Institute_228,West,Bay-breasted Warbler_Setophaga castanea,Dead
2019,9,09-21,2019-09-21,Yes,AM,North Quad,Micro and Nanotechnology Laboratory_237,North,Bay-breasted Warbler_Setophaga castanea,Dead
2019,9,09-21,2019-09-21,Yes,AM,North Quad,Coordinated Science Laboratory_148,West,Unidentifiable,Dead
2019,9,09-21,2019-09-21,Yes,PM,North Quad,Beckman Institute_228,East,Unidentifiable,Dead
2019,9,09-21,2019-09-21,No,AM,South Quad,All buildings of route,NA,NA,NA
2019,9,09-21,2019-09-21,No,PM,South Quad,All Buildings of Route,NA,NA,NA
2019,9,09-22,2019-09-22,Yes,AM,Main Quad,Chemistry Annex_10,North,thrush sp.,Dead
2019,9,09-22,2019-09-22,No,PM,Main Quad,All Buildings of Route,NA,NA,NA
2019,9,09-22,2019-09-22,Yes,AM,North Quad,North Campus Parking Deck_1094,North,Bay-breasted Warbler_Setophaga castanea,Dead
2019,9,09-22,2019-09-22,Yes,AM,North Quad,Beckman Institute_228,South,Indigo Bunting_Passerina cyanea,Dead
2019,9,09-22,2019-09-22,Yes,AM,North Quad,Beckman Institute_228,West,Chestnut-sided Warbler_Setophaga pensylvanica,Alive
2019,9,09-22,2019-09-22,No,PM,North Quad,All Buildings of Route,NA,NA,NA
2019,9,09-22,2019-09-22,Yes,AM,Other (explain in notes),Agricultural Engineering Sciences Building_8,West,Unidentifiable,Dead
2019,9,09-22,2019-09-22,No,AM,South Quad,All buildings of route,NA,NA,NA
2019,9,09-22,2019-09-22,No,PM,South Quad,All Buildings of Route,NA,NA,NA
2019,9,09-23,2019-09-23,No,AM,Main Quad,All Buildings of Route,NA,NA,NA
2019,9,09-23,2019-09-23,No,PM,Main Quad,All Buildings of Route,NA,NA,NA
2019,9,09-23,2019-09-23,No,PM,North Quad,All Buildings of Route,NA,NA,NA
2019,9,09-23,2019-09-23,No,AM,North Quad,All Buildings of Route,NA,NA,NA
2019,9,09-23,2019-09-23,No,AM,South Quad,All buildings of route,NA,NA,NA
2019,9,09-23,2019-09-23,No,PM,South Quad,All Buildings of Route,NA,NA,NA
2019,9,09-24,2019-09-24,No,AM,Main Quad,All Buildings of Route,NA,NA,NA
2019,9,09-24,2019-09-24,Yes,PM,Main Quad,Center for Wounded Veterans in Higher Education_1494,East,NA,Dead
2019,9,09-24,2019-09-24,Yes,PM,Main Quad,Morrill Hall_242,West,Unidentifiable,Dead
2019,9,09-24,2019-09-24,Yes,PM,North Quad,National Center for Supercomputing Applications_564,North,Unidentifiable,Dead
2019,9,09-24,2019-09-24,Yes,PM,North Quad,Beckman Institute_228,North,Rose-breasted Grosbeak_Pheucticus ludovicianus,Dead
2019,9,09-24,2019-09-24,Yes,PM,North Quad,National Center for Supercomputing Applications_564,North,Orange-crowned Warbler_Oreothlypis celata,Dead
2019,9,09-24,2019-09-24,Yes,AM,South Quad,Business Instructional Facility_1206,South,Swainson's Thrush_Catharus ustulatus,Dead
2019,9,09-24,2019-09-24,Yes,NA,South Quad,Education Building_160,West,Magnolia Warbler_Setophaga magnolia,Dead
2019,9,09-25,2019-09-25,Yes,AM,Main Quad,Chemical & Life Sciences Laboratory_70,East,Tennessee Warbler_Oreothlypis peregrina,Dead
2019,9,09-25,2019-09-25,Yes,AM,North Quad,Siebel Center for Computer Science_563,East,Tennessee Warbler_Oreothlypis peregrina,Dead
2019,9,09-25,2019-09-25,No,AM,North Quad,North Campus Parking Deck_1094,NA,NA,NA
2019,9,09-25,2019-09-25,No,AM,North Quad,Beckman Institute_228,NA,NA,NA
2019,9,09-25,2019-09-25,No,AM,North Quad,Coordinated Science Laboratory_148,NA,NA,NA
2019,9,09-25,2019-09-25,No,AM,North Quad,Electrical and Computer Engineering_409,NA,NA,NA
2019,9,09-25,2019-09-25,No,AM,North Quad,Micro and Nanotechnology Laboratory_237,NA,NA,NA
2019,9,09-25,2019-09-25,No,AM,North Quad,Grainger Engineering Library Information Center_324,NA,NA,NA
2019,9,09-25,2019-09-25,No,AM,North Quad,Everitt Electrical & Computer Engineering Laboratory_37,NA,NA,NA
2019,9,09-25,2019-09-25,Yes,AM,Other (explain in notes),Chemical & Life Sciences Laboratory_70,West,Tennessee Warbler_Oreothlypis peregrina,Dead
2019,9,09-25,2019-09-25,Yes,AM,South Quad,Agricultural Engineering Sciences Building_8,West,Nashville Warbler_Oreothlypis ruficapilla,Alive
2019,9,09-25,2019-09-25,No,PM,South Quad,All Buildings of Route,NA,NA,NA
2019,9,09-26,2019-09-26,Yes,AM,Main Quad,Library_41,South,Blackburnian Warbler_Setophaga fusca,Dead
2019,9,09-26,2019-09-26,Yes,PM,Main Quad,Chemical & Life Sciences Laboratory_70,East,Tennessee Warbler_Oreothlypis peregrina,Dead
2019,9,09-26,2019-09-26,Yes,PM,Main Quad,Roger Adams Laboratory_116,North,Tennessee Warbler_Oreothlypis peregrina,Dead
2019,9,09-26,2019-09-26,Yes,PM,Main Quad,Chemical & Life Sciences Laboratory_70,West,Swainson's Thrush_Catharus ustulatus,Dead
2019,9,09-26,2019-09-26,Yes,PM,Main Quad,Chemical & Life Sciences Laboratory_70,West,Unidentifiable,Dead
2019,9,09-26,2019-09-26,Yes,PM,Main Quad,Chemical & Life Sciences Laboratory_70,North,American Redstart_Setophaga ruticilla,Dead
2019,9,09-26,2019-09-26,Yes,PM,Main Quad,Chemical & Life Sciences Laboratory_70,North,Rose-breasted Grosbeak_Pheucticus ludovicianus,Dead
2019,9,09-26,2019-09-26,Yes,PM,Main Quad,Chemical & Life Sciences Laboratory_70,East,Tennessee Warbler_Oreothlypis peregrina,Dead
2019,9,09-26,2019-09-26,Yes,PM,Main Quad,Chemistry Annex_10,North,Swainson's Thrush_Catharus ustulatus,Dead
2019,9,09-26,2019-09-26,Yes,PM,Main Quad,Illini Union Bookstore_106,NA,Unidentifiable,Dead
2019,9,09-26,2019-09-26,Yes,PM,North Quad,Coordinated Science Laboratory_148,North,Unidentifiable,Dead
2019,9,09-26,2019-09-26,Yes,PM,North Quad,Coordinated Science Laboratory_148,West,Unidentifiable,Dead
2019,9,09-26,2019-09-26,Yes,PM,North Quad,Beckman Institute_228,South,House Wren_Troglodytes aedon,Alive
2019,9,09-26,2019-09-26,Yes,PM,North Quad,Electrical and Computer Engineering_409,North,Unidentifiable,Dead
2019,9,09-26,2019-09-26,Yes,AM,South Quad,Business Instructional Facility_1206,South,Common Yellowthroat_Geothlypis trichas,Dead
2019,9,09-26,2019-09-26,Yes,AM,South Quad,Krannert Art Museum_220,South,House Wren_Troglodytes aedon,Dead
2019,9,09-26,2019-09-26,No,PM,South Quad,All Buildings of Route,NA,NA,NA
2019,9,09-27,2019-09-27,Yes,AM,Main Quad,Krannert Center for Performing Arts_52,East,Unidentifiable,Dead
2019,9,09-27,2019-09-27,No,PM,Main Quad,All Buildings of Route,NA,NA,NA
2019,9,09-27,2019-09-27,No,AM,North Quad,All Buildings of Route,NA,NA,NA
2019,9,09-27,2019-09-27,No,AM,North Quad,All Buildings of Route,NA,NA,NA
2019,9,09-27,2019-09-27,No,PM,North Quad,All Buildings of Route,NA,NA,NA
2019,9,09-27,2019-09-27,Yes,AM,South Quad,Temple Hoyne Buell Hall_339,East,Acadian Flycatcher_Empidonax virescens,Dead
2019,9,09-27,2019-09-27,No,PM,South Quad,All Buildings of Route,NA,NA,NA
2019,9,09-28,2019-09-28,Yes,PM,Main Quad,Chemical & Life Sciences Laboratory_70,East,Orange-crowned Warbler_Oreothlypis celata,Alive
2019,9,09-28,2019-09-28,Yes,PM,Main Quad,Chemical & Life Sciences Laboratory_70,East,Nashville Warbler_Oreothlypis ruficapilla,Dead
2019,9,09-28,2019-09-28,No,AM,Main Quad,All Buildings of Route,NA,NA,NA
2019,9,09-28,2019-09-28,Yes,AM,North Quad,National Center for Supercomputing Applications_564,North,Unidentifiable,Dead
2019,9,09-28,2019-09-28,Yes,AM,North Quad,North Campus Parking Deck_1094,East,Yellow-bellied Sapsucker_Sphyrapicus varius,Dead
2019,9,09-28,2019-09-28,Yes,AM,North Quad,Beckman Institute_228,South,Magnolia Warbler_Setophaga magnolia,Dead
2019,9,09-28,2019-09-28,Yes,AM,North Quad,Micro and Nanotechnology Laboratory_237,South,Unidentifiable,Dead
2019,9,09-28,2019-09-28,No,AM,South Quad,All Buildings of Route,NA,NA,NA
2019,9,09-28,2019-09-28,No,PM,South Quad,All Buildings of Route,NA,NA,NA
2019,9,09-29,2019-09-29,Yes,PM,Main Quad,Carl R. Woese Institute for Genomic Biology_1080,North,Nashville Warbler_Oreothlypis ruficapilla,Dead
2019,9,09-29,2019-09-29,Yes,AM,North Quad,Beckman Institute_228,North,Red-eyed Vireo_Vireo olivaceus,Dead
2019,9,09-29,2019-09-29,Yes,AM,North Quad,Beckman Institute_228,South,Ovenbird_Seiurus aurocapilla,Dead
2019,9,09-29,2019-09-29,Yes,AM,North Quad,Beckman Institute_228,South,Unidentifiable,Dead
2019,9,09-29,2019-09-29,Yes,AM,North Quad,Beckman Institute_228,South,Unidentifiable,Dead
2019,9,09-29,2019-09-29,Yes,AM,North Quad,Beckman Institute_228,South,Unidentifiable,Dead
2019,9,09-29,2019-09-29,Yes,AM,North Quad,Beckman Institute_228,South,Unidentifiable,Dead
2019,9,09-29,2019-09-29,No,PM,North Quad,All Buildings of Route,NA,NA,NA
2019,9,09-29,2019-09-29,Yes,AM,South Quad,Agricultural Engineering Sciences Building_8,West,Nashville Warbler_Oreothlypis ruficapilla,Dead
2019,9,09-29,2019-09-29,Yes,AM,South Quad,Law Building_156,North,Magnolia Warbler_Setophaga magnolia,Alive
2019,9,09-29,2019-09-29,Yes,AM,South Quad,Agricultural Engineering Sciences Building_8,West,Black-and-white Warbler_Mniotilta varia,Alive
2019,9,09-29,2019-09-29,No,PM,South Quad,All Buildings of Route,NA,NA,NA
2019,9,09-30,2019-09-30,Yes,AM,Main Quad,Chemical & Life Sciences Laboratory_70,East,Gray Catbird_Dumetella carolinensis,Dead
2019,9,09-30,2019-09-30,No,AM,Main Quad,All Buildings of Route,NA,NA,NA
2019,9,09-30,2019-09-30,No,AM,North Quad,All Buildings of Route,NA,NA,NA
2019,9,09-30,2019-09-30,Yes,PM,North Quad,Electrical and Computer Engineering_409,North,Black-and-white Warbler_Mniotilta varia,Dead
2019,9,09-30,2019-09-30,No,AM,South Quad,All Buildings of Route,NA,NA,NA
2019,9,09-30,2019-09-30,No,PM,South Quad,All Buildings of Route,NA,NA,NA
2019,10,10-01,2019-10-01,No,PM,Main Quad,All Buildings of Route,NA,NA,NA
2019,10,10-01,2019-10-01,No,AM,Main Quad,All Buildings of Route,NA,NA,NA
2019,10,10-01,2019-10-01,No,AM,North Quad,All Buildings of Route,NA,NA,NA
2019,10,10-01,2019-10-01,Yes,PM,North Quad,Beckman Institute_228,North,Blackpoll Warbler_Setophaga striata,Dead
2019,10,10-01,2019-10-01,Yes,PM,North Quad,Electrical and Computer Engineering_409,North,Nashville Warbler_Oreothlypis ruficapilla,Dead
2019,10,10-01,2019-10-01,No,AM,South Quad,All Buildings of Route,NA,NA,NA
2019,10,10-01,2019-10-01,Yes,PM,South Quad,Temple Hoyne Buell Hall_339,East,Magnolia Warbler_Setophaga magnolia,Dead
2019,10,10-02,2019-10-02,No,PM,Main Quad,All Buildings of Route,NA,NA,NA
2019,10,10-02,2019-10-02,No,AM,Main Quad,All Buildings of Route,NA,NA,NA
2019,10,10-02,2019-10-02,No,AM,North Quad,All Buildings of Route,NA,NA,NA
2019,10,10-02,2019-10-02,Yes,PM,North Quad,Beckman Institute_228,East,American Redstart_Setophaga ruticilla,Dead
2019,10,10-02,2019-10-02,Yes,AM,South Quad,Agricultural Engineering Sciences Building_8,West,Unidentifiable,Dead
2019,10,10-02,2019-10-02,No,PM,South Quad,All Buildings of Route,NA,NA,NA
2019,10,10-02,2019-10-02,Yes,AM,South Quad,Law Building_156,North,Swainson's Thrush_Catharus ustulatus,Dead
2019,10,10-02,2019-10-02,Yes,AM,South Quad,Agricultural Engineering Sciences Building_8,West,Unidentifiable,Dead
2019,10,10-03,2019-10-03,Yes,PM,Main Quad,Chemistry Annex_10,North,Unidentifiable,Dead
2019,10,10-03,2019-10-03,No,AM,Main Quad,All Buildings of Route,NA,NA,NA
2019,10,10-03,2019-10-03,Yes,AM,North Quad,Electrical and Computer Engineering_409,North,House Wren_Troglodytes aedon,Alive
2019,10,10-03,2019-10-03,Yes,AM,North Quad,Micro and Nanotechnology Laboratory_237,East,Common Yellowthroat_Geothlypis trichas,Alive
2019,10,10-03,2019-10-03,Yes,AM,North Quad,Beckman Institute_228,East,Black-throated Green Warbler_Setophaga virens,Alive
2019,10,10-03,2019-10-03,No,PM,North Quad,All Buildings of Route,NA,NA,NA
2019,10,10-03,2019-10-03,Yes,AM,Other (explain in notes),Beckman Institute_228,East,Tennessee Warbler_Oreothlypis peregrina,Dead
2019,10,10-03,2019-10-03,Yes,AM,Other (explain in notes),Beckman Institute_228,South,Unidentifiable,Dead
2019,10,10-03,2019-10-03,Yes,AM,Other (explain in notes),Beckman Institute_228,South,Unidentifiable,Dead
2019,10,10-03,2019-10-03,Yes,AM,Other (explain in notes),Beckman Institute_228,South,Nashville Warbler_Oreothlypis ruficapilla,Dead
2019,10,10-03,2019-10-03,Yes,AM,Other (explain in notes),Beckman Institute_228,South,Nashville Warbler_Oreothlypis ruficapilla,Dead
2019,10,10-03,2019-10-03,Yes,AM,Other (explain in notes),Beckman Institute_228,North,American Redstart_Setophaga ruticilla,Dead
2019,10,10-03,2019-10-03,Yes,PM,Other (explain in notes),Beckman Institute_228,South,Tennessee Warbler_Oreothlypis peregrina,Dead
2019,10,10-03,2019-10-03,Yes,AM,South Quad,"ACES Library, Information & Alumni Center_377",North,Song Sparrow_Melospiza melodia,Alive
2019,10,10-03,2019-10-03,Yes,PM,South Quad,Business Instructional Facility_1206,South,Nashville Warbler_Oreothlypis ruficapilla,Dead
2019,10,10-03,2019-10-03,Yes,PM,South Quad,Agricultural Engineering Sciences Building_8,East,Black-and-white Warbler_Mniotilta varia,Alive
2019,10,10-04,2019-10-04,Yes,PM,Main Quad,Illini Union Bookstore_106,South,Unidentifiable,Dead
2019,10,10-04,2019-10-04,No,AM,Main Quad,All Buildings of Route,NA,NA,NA
2019,10,10-04,2019-10-04,Yes,AM,North Quad,Beckman Institute_228,North,Gray Catbird_Dumetella carolinensis,Dead
2019,10,10-04,2019-10-04,Yes,AM,North Quad,Beckman Institute_228,South,Nashville Warbler_Oreothlypis ruficapilla,Alive
2019,10,10-04,2019-10-04,Yes,AM,North Quad,Siebel Center for Computer Science_563,North,House Wren_Troglodytes aedon,Alive
2019,10,10-04,2019-10-04,No,PM,North Quad,All Buildings of Route,NA,NA,NA
2019,10,10-04,2019-10-04,Yes,AM,South Quad,Agricultural Engineering Sciences Building_8,West,Unidentifiable,Alive
2019,10,10-04,2019-10-04,Yes,AM,South Quad,Agricultural Engineering Sciences Building_8,West,Palm Warbler_Setophaga palmarum,Dead
2019,10,10-04,2019-10-04,No,PM,South Quad,All Buildings of Route,NA,NA,NA
2019,10,10-05,2019-10-05,No,AM,Main Quad,All Buildings of Route,NA,NA,NA
2019,10,10-05,2019-10-05,Yes,PM,Main Quad,Chemical & Life Sciences Laboratory_70,East,Tennessee Warbler_Oreothlypis peregrina,Dead
2019,10,10-05,2019-10-05,Yes,AM,North Quad,Siebel Center for Computer Science_563,West,Unidentifiable,Alive
2019,10,10-05,2019-10-05,Yes,AM,North Quad,Siebel Center for Computer Science_563,North,White-throated Sparrow_Zonotrichia albicollis,Alive
2019,10,10-05,2019-10-05,Yes,PM,North Quad,Beckman Institute_228,East,Dark-eyed Junco_Junco hyemalis,Dead
2019,10,10-05,2019-10-05,Yes,PM,North Quad,Beckman Institute_228,East,Blue-headed Vireo_Vireo solitarius,Dead
2019,10,10-05,2019-10-05,Yes,AM,South Quad,Agricultural Engineering Sciences Building_8,North,Common Yellowthroat_Geothlypis trichas,Alive
2019,10,10-05,2019-10-05,No,PM,South Quad,All Buildings of Route,NA,NA,NA
2019,10,10-06,2019-10-06,No,PM,Main Quad,All Buildings of Route,NA,NA,NA
2019,10,10-06,2019-10-06,Yes,PM,North Quad,National Center for Supercomputing Applications_564,East,Unidentifiable,Dead
2019,10,10-06,2019-10-06,Yes,PM,North Quad,Beckman Institute_228,East,Nashville Warbler_Oreothlypis ruficapilla,Dead
2019,10,10-06,2019-10-06,Yes,PM,North Quad,Electrical and Computer Engineering_409,North,Tennessee Warbler_Oreothlypis peregrina,Dead
2019,10,10-06,2019-10-06,Yes,AM,North Quad,Coordinated Science Laboratory_148,West,Unidentifiable,Dead
2019,10,10-06,2019-10-06,Yes,AM,North Quad,Grainger Engineering Library Information Center_324,South,Yellow-rumped Warbler_Setophaga coronata,Alive
2019,10,10-06,2019-10-06,No,AM,South Quad,All Buildings of Route,NA,NA,NA
2019,10,10-06,2019-10-06,No,PM,South Quad,All Buildings of Route,NA,NA,NA
2019,10,10-07,2019-10-07,Yes,AM,Main Quad,Morrill Hall_242,North,Unidentifiable,Dead
2019,10,10-07,2019-10-07,Yes,PM,Main Quad,Morrill Hall_242,North,Tennessee Warbler_Oreothlypis peregrina,Dead
2019,10,10-07,2019-10-07,Yes,PM,N/A,Newmark Civil Engineering Building_24,East,Common Yellowthroat_Geothlypis trichas,Dead
2019,10,10-07,2019-10-07,Yes,PM,North Quad,Coordinated Science Laboratory_148,North,American Redstart_Setophaga ruticilla,Dead
2019,10,10-07,2019-10-07,Yes,PM,North Quad,Newmark Civil Engineering Building_24,North,Ovenbird_Seiurus aurocapilla,Dead
2019,10,10-07,2019-10-07,Yes,AM,South Quad,Business Instructional Facility_1206,South,Yellow-rumped Warbler_Setophaga coronata,Alive
2019,10,10-07,2019-10-07,No,PM,South Quad,All Buildings of Route,NA,NA,NA
2019,10,10-08,2019-10-08,Yes,AM,Main Quad,Chemistry Annex_10,East,Unidentifiable,Dead
2019,10,10-08,2019-10-08,Yes,PM,Main Quad,Chemical & Life Sciences Laboratory_70,East,Tennessee Warbler_Oreothlypis peregrina,Dead
2019,10,10-08,2019-10-08,Yes,PM,Main Quad,Chemical & Life Sciences Laboratory_70,East,Yellow-bellied Sapsucker_Sphyrapicus varius,Alive
2019,10,10-08,2019-10-08,Yes,PM,Main Quad,Chemical & Life Sciences Laboratory_70,North,Golden-winged Warbler_Vermivora chrysoptera,Dead
2019,10,10-08,2019-10-08,Yes,PM,Main Quad,Morrill Hall_242,East,Black-throated Green Warbler_Setophaga virens,Dead
2019,10,10-08,2019-10-08,No,AM,Main Quad,All Buildings of Route,NA,NA,NA
2019,10,10-08,2019-10-08,Yes,AM,North Quad,Coordinated Science Laboratory_148,West,Unidentifiable,Dead
2019,10,10-08,2019-10-08,Yes,PM,North Quad,Siebel Center for Computer Science_563,North,Tennessee Warbler_Oreothlypis peregrina,Dead
2019,10,10-08,2019-10-08,Yes,PM,North Quad,North Campus Parking Deck_1094,South,Yellow-bellied Sapsucker_Sphyrapicus varius,Dead
2019,10,10-08,2019-10-08,Yes,PM,North Quad,Beckman Institute_228,West,Tennessee Warbler_Oreothlypis peregrina,Dead
2019,10,10-08,2019-10-08,Yes,PM,North Quad,Beckman Institute_228,North,Tennessee Warbler_Oreothlypis peregrina,Dead
2019,10,10-08,2019-10-08,Yes,PM,North Quad,Electrical and Computer Engineering_409,North,Nashville Warbler_Oreothlypis ruficapilla,Dead
2019,10,10-08,2019-10-08,No,AM,South Quad,All Buildings of Route,NA,NA,NA
2019,10,10-08,2019-10-08,Yes,PM,South Quad,Agricultural Engineering Sciences Building_8,East,Unidentifiable,Dead
2019,10,10-09,2019-10-09,No,PM,Main Quad,All Buildings of Route,NA,NA,NA
2019,10,10-09,2019-10-09,Yes,PM,North Quad,Coordinated Science Laboratory_148,West,Nashville Warbler_Oreothlypis ruficapilla,Dead
2019,10,10-09,2019-10-09,No,PM,North Quad,All Buildings of Route,NA,NA,NA
2019,10,10-09,2019-10-09,No,AM,South Quad,All Buildings of Route,NA,NA,NA
2019,10,10-09,2019-10-09,No,PM,South Quad,All Buildings of Route,NA,NA,NA
2019,10,10-10,2019-10-10,Yes,AM,Main Quad,Morrill Hall_242,North,Tennessee Warbler_Oreothlypis peregrina,Dead
2019,10,10-10,2019-10-10,No,PM,Main Quad,All Buildings of Route,NA,NA,NA
2019,10,10-10,2019-10-10,Yes,PM,North Quad,Electrical and Computer Engineering_409,East,Unidentifiable,Dead
2019,10,10-10,2019-10-10,Yes,AM,North Quad,North Campus Parking Deck_1094,North,Yellow-bellied Sapsucker_Sphyrapicus varius,Dead
2019,10,10-10,2019-10-10,Yes,AM,North Quad,Beckman Institute_228,West,Scarlet Tanager_Piranga olivacea,Alive
2019,10,10-10,2019-10-10,Yes,AM,South Quad,Business Instructional Facility_1206,South,Lincoln's Sparrow_Melospiza lincolnii,Alive
2019,10,10-10,2019-10-10,Yes,PM,South Quad,Temple Hoyne Buell Hall_339,North,Black-throated Green Warbler_Setophaga virens,Dead
2019,10,10-10,2019-10-10,Yes,PM,South Quad,Temple Hoyne Buell Hall_339,East,Ovenbird_Seiurus aurocapilla,Dead
2019,10,10-11,2019-10-11,No,AM,Main Quad,All Buildings of Route,NA,NA,NA
2019,10,10-11,2019-10-11,No,PM,Main Quad,All Buildings of Route,NA,NA,NA
2019,10,10-11,2019-10-11,No,PM,South Quad,All Buildings of Route,NA,NA,NA
2019,10,10-12,2019-10-12,No,PM,Main Quad,All Buildings of Route,NA,NA,NA
2019,10,10-12,2019-10-12,Yes,PM,North Quad,Coordinated Science Laboratory_148,North,Yellow-bellied Sapsucker_Sphyrapicus varius,Dead
2019,10,10-12,2019-10-12,Yes,AM,North Quad,Beckman Institute_228,North,Nashville Warbler_Oreothlypis ruficapilla,Alive
2019,10,10-12,2019-10-12,Yes,PM,North Quad,Beckman Institute_228,East,Northern Flicker_Colaptes auratus,Dead
2019,10,10-12,2019-10-12,Yes,PM,North Quad,North Campus Parking Deck_1094,North,Black-throated Green Warbler_Setophaga virens,Alive
2019,10,10-12,2019-10-12,Yes,AM,South Quad,Agricultural Engineering Sciences Building_8,East,Black-throated Green Warbler_Setophaga virens,Alive
2019,10,10-12,2019-10-12,No,PM,South Quad,All Buildings of Route,NA,NA,NA
2019,10,10-13,2019-10-13,No,AM,Main Quad,All Buildings of Route,NA,NA,NA
2019,10,10-13,2019-10-13,Yes,PM,Main Quad,Carl R. Woese Institute for Genomic Biology_1080,South,Yellow-bellied Sapsucker_Sphyrapicus varius,Dead
2019,10,10-13,2019-10-13,Yes,PM,Main Quad,Foreign Languages Building_172,East,Yellow-bellied Sapsucker_Sphyrapicus varius,Dead
2019,10,10-13,2019-10-13,Yes,PM,Main Quad,Foreign Languages Building_172,East,Warbler,Dead
2019,10,10-13,2019-10-13,Yes,PM,North Quad,Beckman Institute_228,East,Nashville Warbler_Oreothlypis ruficapilla,Dead
2019,10,10-13,2019-10-13,No,AM,North Quad,All Buildings of Route,NA,NA,NA
2019,10,10-13,2019-10-13,No,AM,South Quad,All Buildings of Route,NA,NA,NA
2019,10,10-13,2019-10-13,No,PM,South Quad,All Buildings of Route,NA,NA,NA
2019,10,10-14,2019-10-14,Yes,AM,Other (explain in notes),Forbes Natural History Building_1073,West,Northern Waterthrush_Parkesia noveboracensis,Dead
2019,10,10-14,2019-10-14,Yes,PM,Other (explain in notes),Temple Hoyne Buell Hall_339,North,Unidentifiable,Dead
2019,10,10-14,2019-10-14,Yes,PM,Other (explain in notes),Beckman Institute_228,West,NA,Dead
2019,10,10-14,2019-10-14,Yes,PM,Other (explain in notes),Beckman Institute_228,West,NA,Dead
2019,10,10-15,2019-10-15,Yes,AM,North Quad,Beckman Institute_228,North,Black-throated Green Warbler_Setophaga virens,Alive
2019,10,10-15,2019-10-15,Yes,AM,Other (explain in notes),State Farm Center_166,West,NA,Dead
2019,10,10-15,2019-10-15,Yes,AM,South Quad,Temple Hoyne Buell Hall_339,North,Unidentifiable,Dead
2019,10,10-17,2019-10-17,Yes,PM,Other (explain in notes),Agricultural Engineering Sciences Building_8,South,American Goldfinch_Spinus tristis,Dead
2019,10,10-17,2019-10-17,Yes,PM,Other (explain in notes),Temple Hoyne Buell Hall_339,West,NA,Dead
2019,10,10-17,2019-10-17,Yes,AM,Other (explain in notes),Electrical and Computer Engineering_409,South,Tennessee Warbler_Oreothlypis peregrina,Dead
2019,10,10-17,2019-10-17,Yes,AM,Other (explain in notes),Electrical and Computer Engineering_409,East,Swamp Sparrow_Melospiza georgiana,Dead
2019,10,10-17,2019-10-17,Yes,AM,Other (explain in notes),Beckman Institute_228,West,Tennessee Warbler_Oreothlypis peregrina,Dead
2019,10,10-17,2019-10-17,Yes,PM,Other (explain in notes),Beckman Institute_228,East,Northern Flicker_Colaptes auratus,Dead
2019,10,10-17,2019-10-17,Yes,PM,Other (explain in notes),Beckman Institute_228,East,NA,Dead
2019,10,10-18,2019-10-18,Yes,AM,Other (explain in notes),Beckman Institute_228,West,Hermit Thrush_Catharus guttatus,Dead
2019,10,10-18,2019-10-18,Yes,PM,N/A,Beckman Institute_228,West,NA,Dead
2019,10,10-18,2019-10-18,Yes,PM,N/A,Siebel Center for Computer Science_563,West,White-throated Sparrow_Zonotrichia albicollis,Dead
2019,10,10-18,2019-10-18,Yes,PM,N/A,Agricultural Engineering Sciences Building_8,North,White-throated Sparrow_Zonotrichia albicollis,Dead
2019,10,10-18,2019-10-18,Yes,PM,N/A,Temple Hoyne Buell Hall_339,North,American Robin_Turdus migratorius,Dead
2019,10,10-18,2019-10-18,Yes,PM,N/A,Temple Hoyne Buell Hall_339,North,Golden-crowned Kinglet_Regulus satrapa,Dead
2019,10,10-19,2019-10-19,Yes,PM,N/A,Temple Hoyne Buell Hall_339,North,NA,Alive
2019,10,10-19,2019-10-19,Yes,PM,N/A,Agricultural Engineering Sciences Building_8,East,Brown Creeper_Certhia americana,Dead
2019,10,10-19,2019-10-19,Yes,PM,N/A,Electrical and Computer Engineering_409,West,Brown Creeper_Certhia americana,Dead
2019,10,10-23,2019-10-23,Yes,PM,N/A,Agricultural Engineering Sciences Building_8,South,White-throated Sparrow_Zonotrichia albicollis,Dead
2019,10,10-23,2019-10-23,Yes,PM,N/A,Agricultural Engineering Sciences Building_8,South,White-throated Sparrow_Zonotrichia albicollis,Dead
2019,10,10-23,2019-10-23,Yes,PM,N/A,Agricultural Engineering Sciences Building_8,South,White-throated Sparrow_Zonotrichia albicollis,Dead
2019,10,10-23,2019-10-23,Yes,PM,N/A,Beckman Institute_228,West,Blue-headed Vireo_Vireo solitarius,Dead
2019,10,10-23,2019-10-23,Yes,PM,N/A,Beckman Institute_228,West,White-throated Sparrow_Zonotrichia albicollis,Dead
2019,10,10-23,2019-10-23,Yes,PM,N/A,Beckman Institute_228,West,White-throated Sparrow_Zonotrichia albicollis,Dead
2019,10,10-23,2019-10-23,Yes,PM,N/A,Beckman Institute_228,West,White-throated Sparrow_Zonotrichia albicollis,Dead
2019,10,10-23,2019-10-23,Yes,PM,N/A,Beckman Institute_228,East,White-throated Sparrow_Zonotrichia albicollis,Dead
2019,10,10-23,2019-10-23,Yes,PM,N/A,Temple Hoyne Buell Hall_339,West,White-throated Sparrow_Zonotrichia albicollis,Dead
2019,10,10-23,2019-10-23,Yes,PM,N/A,Temple Hoyne Buell Hall_339,West,White-throated Sparrow_Zonotrichia albicollis,Dead
2019,10,10-23,2019-10-23,Yes,PM,N/A,Temple Hoyne Buell Hall_339,West,White-throated Sparrow_Zonotrichia albicollis,Dead
2019,10,10-23,2019-10-23,Yes,PM,N/A,Temple Hoyne Buell Hall_339,North,Golden-crowned Kinglet_Regulus satrapa,Dead
2019,10,10-23,2019-10-23,Yes,PM,N/A,Temple Hoyne Buell Hall_339,North,White-throated Sparrow_Zonotrichia albicollis,Dead
2019,10,10-23,2019-10-23,Yes,PM,N/A,Agricultural Engineering Sciences Building_8,North,Eastern Towhee_Pipilo erythrophthalmus,Dead
2019,10,10-24,2019-10-24,Yes,PM,N/A,Temple Hoyne Buell Hall_339,West,White-throated Sparrow_Zonotrichia albicollis,Alive
2019,10,10-25,2019-10-25,Yes,PM,N/A,Beckman Institute_228,West,White-throated Sparrow_Zonotrichia albicollis,Dead
2019,10,10-25,2019-10-25,Yes,PM,N/A,Beckman Institute_228,East,White-throated Sparrow_Zonotrichia albicollis,Dead
2019,10,10-25,2019-10-25,Yes,PM,N/A,Beckman Institute_228,East,White-throated Sparrow_Zonotrichia albicollis,Dead
2019,10,10-25,2019-10-25,Yes,PM,N/A,Beckman Institute_228,West,White-throated Sparrow_Zonotrichia albicollis,Dead
2019,10,10-25,2019-10-25,Yes,PM,N/A,Beckman Institute_228,West,White-throated Sparrow_Zonotrichia albicollis,Dead
2019,10,10-25,2019-10-25,Yes,PM,N/A,Beckman Institute_228,West,White-throated Sparrow_Zonotrichia albicollis,Dead
2019,10,10-25,2019-10-25,Yes,PM,N/A,Beckman Institute_228,East,NA,Dead
2019,10,10-25,2019-10-25,Yes,PM,N/A,Beckman Institute_228,East,White-throated Sparrow_Zonotrichia albicollis,Dead
2019,11,11-06,2019-11-06,Yes,AM,N/A,Temple Hoyne Buell Hall_339,South,NA,Dead
2019,11,11-06,2019-11-06,Yes,AM,N/A,Temple Hoyne Buell Hall_339,West,NA,Dead
2019,11,11-06,2019-11-06,Yes,AM,N/A,Temple Hoyne Buell Hall_339,West,Dark-eyed Junco_Junco hyemalis,Dead
2019,11,11-06,2019-11-06,Yes,AM,N/A,Temple Hoyne Buell Hall_339,West,NA,Dead
2019,11,11-06,2019-11-06,Yes,AM,N/A,Temple Hoyne Buell Hall_339,West,White-throated Sparrow_Zonotrichia albicollis,Dead
2019,11,11-11,2019-11-11,Yes,AM,N/A,Carl R. Woese Institute for Genomic Biology_1080,South,White-throated Sparrow_Zonotrichia albicollis,Dead
2019,11,11-06,2019-11-06,Yes,PM,N/A,Agricultural Engineering Sciences Building_8,West,American Robin_Turdus migratorius,Dead
2019,11,11-06,2019-11-06,Yes,PM,N/A,Agricultural Engineering Sciences Building_8,West,Ovenbird_Seiurus aurocapilla,Dead
2019,11,11-06,2019-11-06,Yes,PM,N/A,Agricultural Engineering Sciences Building_8,West,White-throated Sparrow_Zonotrichia albicollis,Dead
2019,10,10-26,2019-10-26,Yes,AM,N/A,Beckman Institute_228,South,Brown Creeper_Certhia americana,Dead
2019,10,10-26,2019-10-26,Yes,AM,N/A,Beckman Institute_228,South,Hermit Thrush_Catharus guttatus,Dead
2019,10,10-26,2019-10-26,Yes,AM,N/A,Beckman Institute_228,South,White-throated Sparrow_Zonotrichia albicollis,Dead
2020,9,09-13,2020-09-13,Yes,PM,North Quad,Beckman Institute_228,East,NA,Dead
2020,9,09-14,2020-09-14,Yes,AM,South Quad,Agricultural Engineering Sciences Building_8,South,Unidentifiable,Dead
2020,9,09-14,2020-09-14,Yes,AM,South Quad,Education Building_160,West,Ovenbird_Seiurus aurocapilla,Alive
2020,9,09-14,2020-09-14,Yes,AM,South Quad,Law Building_156,North,Swainson's Thrush_Catharus ustulatus,Dead
2020,9,09-14,2020-09-14,Yes,AM,Main Quad,Carl R. Woese Institute for Genomic Biology_1080,North,American Redstart_Setophaga ruticilla,Dead
2020,9,09-14,2020-09-14,Yes,AM,Main Quad,Chemical & Life Sciences Laboratory_70,East,Swainson's Thrush_Catharus ustulatus,Dead
2020,9,09-14,2020-09-14,Yes,PM,North Quad,Beckman Institute_228,North,Ovenbird_Seiurus aurocapilla,Dead
2020,9,09-14,2020-09-14,Yes,PM,North Quad,Beckman Institute_228,South,Bay-breasted Warbler_Setophaga castanea,Dead
2020,9,09-14,2020-09-14,Yes,PM,North Quad,Beckman Institute_228,South,Swainson's Thrush_Catharus ustulatus,Dead
2020,9,09-14,2020-09-14,Yes,PM,North Quad,Electrical and Computer Engineering_409,North,Unidentifiable,Dead
2020,9,09-14,2020-09-14,Yes,PM,North Quad,Grainger Engineering Library Information Center_324,West,Unidentifiable,Dead
2020,9,09-14,2020-09-14,Yes,PM,North Quad,Grainger Engineering Library Information Center_324,North,American Crow_Corvus brachyrhynchos,Dead
2020,9,09-14,2020-09-14,Yes,AM,North Quad,Beckman Institute_228,North,Swainson's Thrush_Catharus ustulatus,Dead
2020,9,09-14,2020-09-14,Yes,AM,North Quad,Beckman Institute_228,North,Swainson's Thrush_Catharus ustulatus,Dead
2020,9,09-14,2020-09-14,Yes,AM,North Quad,Beckman Institute_228,North,Swainson's Thrush_Catharus ustulatus,Dead
2020,9,09-14,2020-09-14,Yes,AM,North Quad,Beckman Institute_228,North,Swainson's Thrush_Catharus ustulatus,Dead
2020,9,09-14,2020-09-14,Yes,AM,North Quad,Beckman Institute_228,North,Swainson's Thrush_Catharus ustulatus,Dead
2020,9,09-14,2020-09-14,Yes,AM,North Quad,Beckman Institute_228,North,Swainson's Thrush_Catharus ustulatus,Dead
2020,9,09-14,2020-09-14,Yes,AM,North Quad,Beckman Institute_228,North,Swainson's Thrush_Catharus ustulatus,Dead
2020,9,09-14,2020-09-14,Yes,AM,North Quad,Beckman Institute_228,North,Ovenbird_Seiurus aurocapilla,Dead
2020,9,09-14,2020-09-14,Yes,AM,North Quad,Beckman Institute_228,North,Black-throated Green Warbler_Setophaga virens,Alive
2020,9,09-14,2020-09-14,Yes,AM,North Quad,Coordinated Science Laboratory_148,North,Swainson's Thrush_Catharus ustulatus,Dead
2020,9,09-14,2020-09-14,Yes,AM,North Quad,Beckman Institute_228,West,Swainson's Thrush_Catharus ustulatus,Dead
2020,9,09-14,2020-09-14,Yes,AM,N/A,Fred Turner Student Services Building_188,South,Chestnut-sided Warbler_Setophaga pensylvanica,Alive
2020,9,09-14,2020-09-14,Yes,PM,South Quad,Integrated Bioprocessing Research Laboratory_1233,West,American Robin_Turdus migratorius,Dead
2020,9,09-14,2020-09-14,Yes,PM,South Quad,Education Building_160,West,Swainson's Thrush_Catharus ustulatus,Dead
2020,9,09-15,2020-09-15,Yes,AM,South Quad,Temple Hoyne Buell Hall_339,West,Blackburnian Warbler_Setophaga fusca,Dead
2020,9,09-15,2020-09-15,Yes,AM,South Quad,Law Building_156,East,Red-eyed Vireo_Vireo olivaceus,Alive
2020,9,09-15,2020-09-15,Yes,AM,North Quad,Beckman Institute_228,East,Mourning Warbler_Geothlypis philadelphia,Dead
2020,9,09-15,2020-09-15,Yes,AM,North Quad,Beckman Institute_228,North,Tennessee Warbler_Oreothlypis peregrina,Dead
2020,9,09-15,2020-09-15,Yes,AM,North Quad,Beckman Institute_228,West,Swainson's Thrush_Catharus ustulatus,Dead
2020,9,09-15,2020-09-15,Yes,PM,North Quad,Beckman Institute_228,North,Black-and-white Warbler_Mniotilta varia,Dead
2020,9,09-15,2020-09-15,Yes,PM,North Quad,Beckman Institute_228,West,Cape May Warbler_Setophaga tigrina,Dead
2020,9,09-15,2020-09-15,Yes,PM,North Quad,Beckman Institute_228,West,Magnolia Warbler_Setophaga magnolia,Dead
2020,9,09-15,2020-09-15,Yes,PM,North Quad,Electrical and Computer Engineering_409,North,Unidentifiable,Dead
2020,9,09-15,2020-09-15,Yes,PM,North Quad,Electrical and Computer Engineering_409,South,Unidentifiable,Dead
2020,9,09-15,2020-09-15,Yes,PM,Main Quad,Carl R. Woese Institute for Genomic Biology_1080,West,Swainson's Thrush_Catharus ustulatus,Dead
2020,9,09-15,2020-09-15,Yes,PM,Main Quad,Carl R. Woese Institute for Genomic Biology_1080,North,Tennessee Warbler_Oreothlypis peregrina,Dead
2020,9,09-15,2020-09-15,Yes,PM,Main Quad,Chemical & Life Sciences Laboratory_70,West,Bay-breasted Warbler_Setophaga castanea,Dead
2020,9,09-15,2020-09-15,Yes,PM,Main Quad,Chemical & Life Sciences Laboratory_70,West,Unidentifiable,Dead
2020,9,09-15,2020-09-15,Yes,PM,Main Quad,Chemical & Life Sciences Laboratory_70,West,Tennessee Warbler_Oreothlypis peregrina,Dead
2020,9,09-15,2020-09-15,Yes,PM,North Quad,North Campus Parking Deck_1094,North,House Sparrow_Passer domesticus,Dead
2020,9,09-15,2020-09-15,Yes,PM,North Quad,Beckman Institute_228,East,Bay-breasted Warbler_Setophaga castanea,Dead
2020,9,09-15,2020-09-15,Yes,PM,North Quad,Electrical and Computer Engineering_409,East,Ovenbird_Seiurus aurocapilla,Dead
2020,9,09-15,2020-09-15,Yes,PM,South Quad,Business Instructional Facility_1206,South,NA,Alive
2020,9,09-15,2020-09-15,Yes,PM,South Quad,Agricultural Engineering Sciences Building_8,West,NA,Dead
2020,9,09-16,2020-09-16,Yes,AM,South Quad,Business Instructional Facility_1206,South,Unidentifiable,Dead
2020,9,09-16,2020-09-16,Yes,AM,South Quad,Law Building_156,North,Bay-breasted Warbler_Setophaga castanea,Dead
2020,9,09-16,2020-09-16,Yes,AM,North Quad,Beckman Institute_228,South,Magnolia Warbler_Setophaga magnolia,Dead
2020,9,09-16,2020-09-16,Yes,PM,South Quad,Agricultural Engineering Sciences Building_8,North,NA,Dead
2020,9,09-16,2020-09-16,Yes,PM,South Quad,Education Building_160,North,Ruby-throated Hummingbird_Archilochus colubris,Dead
2020,9,09-16,2020-09-16,Yes,PM,South Quad,Krannert Art Museum_220,North,Tennessee Warbler_Oreothlypis peregrina,Alive
2020,9,09-17,2020-09-17,Yes,AM,North Quad,Siebel Center for Computer Science_563,North,Ovenbird_Seiurus aurocapilla,Dead
2020,9,09-17,2020-09-17,Yes,AM,North Quad,Beckman Institute_228,North,Gray-cheeked Thrush_Catharus minimus,Dead
2020,9,09-17,2020-09-17,Yes,AM,North Quad,Beckman Institute_228,North,Red-breasted Nuthatch_Sitta canadensis,Dead
2020,9,09-17,2020-09-17,Yes,AM,North Quad,Electrical and Computer Engineering_409,South,Bay-breasted Warbler_Setophaga castanea,Dead
2020,9,09-17,2020-09-17,Yes,AM,Main Quad,Morrill Hall_242,West,Swainson's Thrush_Catharus ustulatus,Alive
2020,9,09-17,2020-09-17,Yes,AM,North Quad,Beckman Institute_228,West,Red-eyed Vireo_Vireo olivaceus,Dead
2020,9,09-17,2020-09-17,Yes,AM,North Quad,Beckman Institute_228,West,Magnolia Warbler_Setophaga magnolia,Alive
2020,9,09-17,2020-09-17,Yes,AM,South Quad,Temple Hoyne Buell Hall_339,West,Swainson's Thrush_Catharus ustulatus,Dead
2020,9,09-17,2020-09-17,Yes,AM,South Quad,Law Building_156,North,Swainson's Thrush_Catharus ustulatus,Dead
2020,9,09-17,2020-09-17,Yes,PM,South Quad,Krannert Art Museum_220,South,Swainson's Thrush_Catharus ustulatus,Dead
2020,9,09-14,2020-09-14,NA,NA,NA,NA,NA,NA,NA
2020,9,09-17,2020-09-17,Yes,PM,North Quad,Siebel Center for Computer Science_563,North,Ovenbird_Seiurus aurocapilla,Dead
2020,9,09-17,2020-09-17,Yes,PM,North Quad,North Campus Parking Deck_1094,West,Thrush (?),Dead
2020,9,09-17,2020-09-17,Yes,PM,North Quad,Beckman Institute_228,North,Red-breasted Nuthatch_Sitta canadensis,Dead
2020,9,09-17,2020-09-17,Yes,PM,North Quad,Coordinated Science Laboratory_148,North,Hermit Thrush_Catharus guttatus (?),Dead
2020,9,09-18,2020-09-18,Yes,AM,North Quad,Electrical and Computer Engineering_409,South,Ovenbird_Seiurus aurocapilla,Alive
2020,9,09-18,2020-09-18,Yes,AM,North Quad,Beckman Institute_228,North,Swainson's Thrush_Catharus ustulatus,Dead
2020,9,09-18,2020-09-18,Yes,AM,North Quad,Beckman Institute_228,North,American Redstart_Setophaga ruticilla,Dead
2020,9,09-18,2020-09-18,Yes,AM,North Quad,Beckman Institute_228,West,Swainson's Thrush_Catharus ustulatus,Alive
2020,9,09-18,2020-09-18,Yes,AM,South Quad,Integrated Bioprocessing Research Laboratory_1233,West,Unidentifiable,Dead
2020,9,09-18,2020-09-18,Yes,AM,South Quad,Business Instructional Facility_1206,South,Swainson's Thrush_Catharus ustulatus,Dead
2020,9,09-18,2020-09-18,Yes,AM,South Quad,Business Instructional Facility_1206,South,Nashville Warbler_Oreothlypis ruficapilla,Alive
2020,9,09-18,2020-09-18,Yes,AM,South Quad,Law Building_156,East,Swainson's Thrush_Catharus ustulatus,Dead
2020,9,09-18,2020-09-18,Yes,PM,South Quad,Agricultural Engineering Sciences Building_8,East,Swainson's Thrush_Catharus ustulatus,Dead
2020,9,09-18,2020-09-18,Yes,PM,South Quad,Temple Hoyne Buell Hall_339,West,Swainson's Thrush_Catharus ustulatus,Dead
2020,9,09-18,2020-09-18,Yes,PM,South Quad,Education Building_160,North,Red-breasted Nuthatch_Sitta canadensis,Dead
2020,9,09-18,2020-09-18,Yes,PM,South Quad,Education Building_160,West,Ovenbird_Seiurus aurocapilla,Dead
2020,9,09-18,2020-09-18,Yes,PM,South Quad,Business Instructional Facility_1206,South,Red-breasted Nuthatch_Sitta canadensis,Dead
2020,9,09-18,2020-09-18,Yes,PM,South Quad,Law Building_156,North,Blackpoll Warbler_Setophaga striata,Dead
2020,9,09-19,2020-09-19,Yes,AM,South Quad,Agricultural Engineering Sciences Building_8,East,Ovenbird_Seiurus aurocapilla,Alive
2020,9,09-19,2020-09-19,Yes,AM,South Quad,Agricultural Engineering Sciences Building_8,East,Pine Warbler_Setophaga pinus,Dead
2020,9,09-19,2020-09-19,Yes,AM,South Quad,Temple Hoyne Buell Hall_339,West,Rose-breasted Grosbeak_Pheucticus ludovicianus,Dead
2020,9,09-19,2020-09-19,Yes,AM,South Quad,Education Building_160,West,Ovenbird_Seiurus aurocapilla,Dead
2020,9,09-19,2020-09-19,Yes,AM,South Quad,Business Instructional Facility_1206,South,Nashville Warbler_Oreothlypis ruficapilla,Dead
2020,9,09-19,2020-09-19,Yes,AM,South Quad,Business Instructional Facility_1206,South,Chestnut-sided Warbler_Setophaga pensylvanica,Dead
2020,9,09-19,2020-09-19,Yes,AM,Main Quad,Carl R. Woese Institute for Genomic Biology_1080,North,Tennessee Warbler_Oreothlypis peregrina,Dead
2020,9,09-19,2020-09-19,Yes,PM,North Quad,National Center for Supercomputing Applications_564,North,Rose-breasted Grosbeak_Pheucticus ludovicianus,Dead
2020,9,09-19,2020-09-19,Yes,PM,North Quad,National Center for Supercomputing Applications_564,North,Rose-breasted Grosbeak_Pheucticus ludovicianus,Dead
2020,9,09-19,2020-09-19,Yes,PM,North Quad,Beckman Institute_228,West,Scarlet Tanager_Piranga olivacea,Dead
2020,9,09-19,2020-09-19,NA,PM,NA,Newmark Civil Engineering Building_24,East,NA,Dead
2020,9,09-19,2020-09-19,NA,PM,NA,Carl R. Woese Institute for Genomic Biology_1080,West,NA,Dead
2020,9,09-19,2020-09-19,Yes,PM,South Quad,Law Building_156,North,NA,Dead
2020,9,09-19,2020-09-19,Yes,PM,South Quad,Temple Hoyne Buell Hall_339,South,NA,Dead
2020,9,09-19,2020-09-19,Yes,PM,South Quad,Agricultural Engineering Sciences Building_8,West,NA,Dead
2020,9,09-19,2020-09-19,NA,PM,NA,Illini Union Bookstore_106,North,NA,Dead
2020,9,09-19,2020-09-19,Yes,AM,North Quad,North Campus Parking Deck_1094,North,Nashville Warbler_Oreothlypis ruficapilla,Dead
2020,9,09-19,2020-09-19,Yes,AM,North Quad,North Campus Parking Deck_1094,North,Nashville Warbler_Oreothlypis ruficapilla,Alive
2020,9,09-19,2020-09-19,Yes,AM,North Quad,Beckman Institute_228,West,Swainson's Thrush_Catharus ustulatus,Dead
2020,9,09-19,2020-09-19,Yes,AM,North Quad,Beckman Institute_228,West,Mourning Warbler_Geothlypis philadelphia,Dead
2020,9,09-19,2020-09-19,Yes,AM,North Quad,Coordinated Science Laboratory_148,North,Swainson's Thrush_Catharus ustulatus,Dead
2020,9,09-19,2020-09-19,Yes,AM,North Quad,Coordinated Science Laboratory_148,West,Swainson's Thrush_Catharus ustulatus,Dead
2020,9,09-19,2020-09-19,Yes,AM,North Quad,Coordinated Science Laboratory_148,South,Swainson's Thrush_Catharus ustulatus,Dead
2020,9,09-19,2020-09-19,Yes,AM,North Quad,Electrical and Computer Engineering_409,South,Ovenbird_Seiurus aurocapilla,Dead
2020,9,09-20,2020-09-20,Yes,PM,North Quad,Everitt Electrical & Computer Engineering Laboratory_37,North,Thrush,Dead
2020,9,09-20,2020-09-20,Yes,PM,South Quad,Agricultural Engineering Sciences Building_8,North,Blackburnian Warbler_Setophaga fusca,Dead
2020,9,09-20,2020-09-20,Yes,PM,South Quad,Temple Hoyne Buell Hall_339,East,Scarlet Tanager_Piranga olivacea,Dead
2020,9,09-20,2020-09-20,Yes,PM,South Quad,Business Instructional Facility_1206,South,American Robin_Turdus migratorius,Dead
2020,9,09-20,2020-09-20,Yes,PM,South Quad,Business Instructional Facility_1206,East,Nashville Warbler_Oreothlypis ruficapilla,Dead
2020,9,09-20,2020-09-20,Yes,AM,South Quad,Temple Hoyne Buell Hall_339,West,Black-throated Green Warbler_Setophaga virens,Alive
2020,9,09-20,2020-09-20,Yes,AM,South Quad,Business Instructional Facility_1206,South,Tennessee Warbler_Oreothlypis peregrina,Dead
2020,9,09-20,2020-09-20,Yes,AM,South Quad,Krannert Art Museum_220,South,Swainson's Thrush_Catharus ustulatus,Dead
2020,9,09-20,2020-09-20,NA,AM,NA,Morrill Hall_242,NA,Red-breasted Nuthatch_Sitta canadensis,Dead
2020,9,09-20,2020-09-20,Yes,PM,North Quad,Grainger Engineering Library Information Center_324,North,NA,Dead
2020,9,09-20,2020-09-20,Yes,AM,North Quad,Micro and Nanotechnology Laboratory_237,South,NA,Dead
2020,9,09-20,2020-09-20,Yes,AM,North Quad,Electrical and Computer Engineering_409,North,NA,Dead
2020,9,09-21,2020-09-21,Yes,AM,South Quad,Law Building_156,West,Red-eyed Vireo_Vireo olivaceus,Dead
2020,9,09-21,2020-09-21,No,AM,North Quad,All Buildings of Route,NA,NA,NA
2020,9,09-21,2020-09-21,No,PM,South Quad,All Buildings of Route,NA,NA,NA
2020,9,09-21,2020-09-21,No,PM,North Quad,All Buildings of Route,NA,NA,NA
2020,9,09-21,2020-09-21,No,PM,North Quad,All Buildings of Route,NA,NA,NA
2020,9,09-22,2020-09-22,No,AM,South Quad,All Buildings of Route,NA,NA,NA
2020,9,09-22,2020-09-22,Yes,PM,North Quad,Coordinated Science Laboratory_148,West,Tennessee Warbler_Oreothlypis peregrina,Dead
2020,9,09-22,2020-09-22,No,AM,North Quad,All Buildings of Route,NA,NA,NA
2020,9,09-22,2020-09-22,Yes,PM,South Quad,Business Instructional Facility_1206,South,NA,Dead
2020,9,09-22,2020-09-22,Yes,PM,South Quad,Business Instructional Facility_1206,South,NA,Dead
2020,9,09-23,2020-09-23,No,AM,South Quad,All Buildings of Route,NA,NA,NA
2020,9,09-23,2020-09-23,No,PM,South Quad,All Buildings of Route,NA,NA,NA
2020,9,09-23,2020-09-23,Yes,AM,North Quad,Micro and Nanotechnology Laboratory_237,East,Ovenbird_Seiurus aurocapilla,Dead
2020,9,09-23,2020-09-23,Yes,AM,North Quad,Micro and Nanotechnology Laboratory_237,East,Unidentifiable,Dead
2020,9,09-23,2020-09-23,No,PM,North Quad,All Buildings of Route,NA,NA,NA
2020,9,09-24,2020-09-24,No,AM,South Quad,All Buildings of Route,NA,NA,NA
2020,9,09-24,2020-09-24,Yes,PM,South Quad,Temple Hoyne Buell Hall_339,West,Northern Waterthrush_Parkesia noveboracensis,Dead
2020,9,09-24,2020-09-24,Yes,PM,North Quad,Electrical and Computer Engineering_409,North,NA,Dead
2020,9,09-24,2020-09-24,Yes,PM,North Quad,Grainger Engineering Library Information Center_324,West,NA,Dead
2020,9,09-24,2020-09-24,Yes,AM,North Quad,Beckman Institute_228,East,Magnolia Warbler_Setophaga magnolia,Dead
2020,9,09-24,2020-09-24,Yes,AM,North Quad,Coordinated Science Laboratory_148,North,Ruby-throated Hummingbird_Archilochus colubris,Dead
2020,9,09-24,2020-09-24,Yes,AM,North Quad,Beckman Institute_228,North,Swainson's Thrush_Catharus ustulatus,Dead
2020,9,09-24,2020-09-24,Yes,AM,North Quad,Electrical and Computer Engineering_409,South,Tennessee Warbler_Oreothlypis peregrina,Dead
2020,9,09-24,2020-09-24,Yes,AM,North Quad,Micro and Nanotechnology Laboratory_237,East,Ovenbird_Seiurus aurocapilla,Dead
2020,9,09-24,2020-09-24,Yes,AM,Other (explain in notes),NA,North,Bay-breasted Warbler_Setophaga castanea,Alive
2020,9,09-25,2020-09-25,No,AM,South Quad,All Buildings of Route,NA,NA,NA
2020,9,09-25,2020-09-25,Yes,PM,South Quad,Temple Hoyne Buell Hall_339,West,Tennessee Warbler_Oreothlypis peregrina,Dead
2020,9,09-25,2020-09-25,Yes,PM,North Quad,Siebel Center for Computer Science_563,North,Unidentifiable,Dead
2020,9,09-25,2020-09-25,Yes,PM,North Quad,Coordinated Science Laboratory_148,North,Unidentifiable,Dead
2020,9,09-25,2020-09-25,Yes,PM,North Quad,Everitt Electrical & Computer Engineering Laboratory_37,North,Swainson's Thrush_Catharus ustulatus,Dead
2020,9,09-26,2020-09-26,No,AM,South Quad,All Buildings of Route,NA,NA,NA
2020,9,09-26,2020-09-26,Yes,PM,South Quad,Education Building_160,North,Ruby-throated Hummingbird_Archilochus colubris,Alive
2020,9,09-26,2020-09-26,No,AM,North Quad,All Buildings of Route,NA,NA,NA
2020,9,09-27,2020-09-27,No,AM,South Quad,All Buildings of Route,NA,NA,NA
2020,9,09-27,2020-09-27,No,PM,North Quad,All Buildings of Route,NA,NA,NA
2020,9,09-27,2020-09-27,No,PM,North Quad,All Buildings of Route,NA,NA,NA
2020,9,09-27,2020-09-27,Yes,PM,South Quad,Business Instructional Facility_1206,South,Tennessee Warbler_Oreothlypis peregrina,Dead
2020,9,09-28,2020-09-28,No,AM,North Quad,All Buildings of Route,NA,NA,NA
2020,9,09-28,2020-09-28,Yes,AM,North Quad,Electrical and Computer Engineering_409,South,Rose-breasted Grosbeak_Pheucticus ludovicianus,Dead
2020,9,09-28,2020-09-28,Yes,AM,North Quad,Beckman Institute_228,West,NA,Alive
2020,9,09-28,2020-09-28,Yes,PM,South Quad,Business Instructional Facility_1206,South,Ruby-throated Hummingbird_Archilochus colubris,Dead
2020,9,09-29,2020-09-29,Yes,AM,Other (explain in notes),NA,North,Swamp Sparrow_Melospiza georgiana,Alive
2020,9,09-29,2020-09-29,Yes,AM,North Quad,Micro and Nanotechnology Laboratory_237,North,Gray Catbird_Dumetella carolinensis,Alive
2020,9,09-29,2020-09-29,Yes,AM,North Quad,Beckman Institute_228,East,Swainson's Thrush_Catharus ustulatus,Dead
2020,9,09-29,2020-09-29,Yes,AM,North Quad,Beckman Institute_228,North,Rose-breasted Grosbeak_Pheucticus ludovicianus,Dead
2020,9,09-29,2020-09-29,Yes,AM,North Quad,Beckman Institute_228,North,Swainson's Thrush_Catharus ustulatus,Dead
2020,9,09-29,2020-09-29,Yes,AM,Main Quad,Carl R. Woese Institute for Genomic Biology_1080,West,Tennessee Warbler_Oreothlypis peregrina,Dead
2020,9,09-29,2020-09-29,Yes,AM,South Quad,Education Building_160,North,White-throated Sparrow_Zonotrichia albicollis,Dead
2020,9,09-29,2020-09-29,Yes,AM,South Quad,Business Instructional Facility_1206,South,Swainson's Thrush_Catharus ustulatus,Dead
2020,9,09-29,2020-09-29,Yes,AM,South Quad,Business Instructional Facility_1206,South,Ovenbird_Seiurus aurocapilla,Dead
2020,9,09-29,2020-09-29,Yes,AM,North Quad,Beckman Institute_228,East,Tennessee Warbler_Oreothlypis peregrina,Dead
2020,9,09-29,2020-09-29,Yes,AM,North Quad,Beckman Institute_228,East,Gray-cheeked Thrush_Catharus minimus,Dead
2020,9,09-29,2020-09-29,Yes,AM,North Quad,Beckman Institute_228,West,Ovenbird_Seiurus aurocapilla,Dead
2020,9,09-29,2020-09-29,Yes,AM,North Quad,Beckman Institute_228,South,Red-eyed Vireo_Vireo olivaceus,Alive
2020,9,09-29,2020-09-29,Yes,PM,North Quad,Beckman Institute_228,South,Yellow-bellied Sapsucker_Sphyrapicus varius,Dead
2020,9,09-29,2020-09-29,Yes,PM,North Quad,Electrical and Computer Engineering_409,South,Red-eyed Vireo_Vireo olivaceus,Dead
2020,9,09-29,2020-09-29,Yes,PM,North Quad,Micro and Nanotechnology Laboratory_237,East,Swainson's Thrush_Catharus ustulatus,Dead
2020,9,09-29,2020-09-29,Yes,PM,South Quad,Business Instructional Facility_1206,South,NA,Dead
2020,9,09-30,2020-09-30,Yes,AM,North Quad,Beckman Institute_228,North,Northern Parula_Setophaga americana,Dead
2020,9,09-30,2020-09-30,Yes,AM,North Quad,Electrical and Computer Engineering_409,North,Rose-breasted Grosbeak_Pheucticus ludovicianus,Dead
2020,9,09-30,2020-09-30,Yes,PM,North Quad,Beckman Institute_228,West,Tennessee Warbler_Oreothlypis peregrina,Dead
2020,9,09-30,2020-09-30,Yes,PM,North Quad,Engineering Hall_15,West,Yellow-bellied Sapsucker_Sphyrapicus varius,Dead
2020,9,09-30,2020-09-30,No,PM,South Quad,All Buildings of Route,NA,NA,NA
2020,9,09-30,2020-09-30,Yes,AM,South Quad,Agricultural Engineering Sciences Building_8,West,Magnolia Warbler_Setophaga magnolia,Dead
2020,9,09-30,2020-09-30,Yes,AM,South Quad,Temple Hoyne Buell Hall_339,East,Blackpoll Warbler_Setophaga striata,Dead
2020,9,09-30,2020-09-30,Yes,AM,South Quad,Temple Hoyne Buell Hall_339,East,Yellow-bellied Sapsucker_Sphyrapicus varius,Dead
2020,10,10-01,2020-10-01,No,PM,South Quad,All Buildings of Route,NA,NA,NA
2020,10,10-02,2020-10-02,Yes,AM,North Quad,Beckman Institute_228,North,Magnolia Warbler_Setophaga magnolia,Dead
2020,10,10-02,2020-10-02,Yes,AM,North Quad,Beckman Institute_228,West,Tennessee Warbler_Oreothlypis peregrina,Dead
2020,10,10-02,2020-10-02,Yes,AM,North Quad,Beckman Institute_228,East,Yellow-bellied Sapsucker_Sphyrapicus varius,Dead
2020,10,10-02,2020-10-02,Yes,AM,North Quad,Beckman Institute_228,South,Yellow-bellied Sapsucker_Sphyrapicus varius,Dead
2020,10,10-01,2020-10-01,Yes,PM,North Quad,Beckman Institute_228,North,Bay-breasted Warbler_Setophaga castanea,Alive
2020,10,10-01,2020-10-01,Yes,PM,North Quad,Coordinated Science Laboratory_148,North,Ruby-throated Hummingbird_Archilochus colubris,Dead
2020,10,10-01,2020-10-01,Yes,PM,North Quad,Electrical and Computer Engineering_409,North,American Goldfinch_Spinus tristis,Dead
2020,10,10-01,2020-10-01,Yes,PM,North Quad,Everitt Electrical & Computer Engineering Laboratory_37,North,Unidentifiable,Dead
2020,10,10-02,2020-10-02,Yes,PM,South Quad,Business Instructional Facility_1206,West,Tennessee Warbler_Oreothlypis peregrina,Dead
2020,10,10-02,2020-10-02,Yes,PM,South Quad,Law Building_156,North,Tennessee Warbler_Oreothlypis peregrina,Dead
2020,10,10-03,2020-10-03,Yes,AM,South Quad,Business Instructional Facility_1206,South,Unidentifiable,Dead
2020,10,10-03,2020-10-03,Yes,AM,North Quad,Beckman Institute_228,North,Tennessee Warbler_Oreothlypis peregrina,Dead
2020,10,10-03,2020-10-03,Yes,AM,North Quad,Grainger Engineering Library Information Center_324,South,Tennessee Warbler_Oreothlypis peregrina,Dead
2020,10,10-03,2020-10-03,Yes,PM,South Quad,Temple Hoyne Buell Hall_339,West,Brown Creeper_Certhia americana,Dead
2020,10,10-04,2020-10-04,No,AM,South Quad,All Buildings of Route,NA,NA,NA
2020,10,10-05,2020-10-05,Yes,PM,North Quad,Beckman Institute_228,North,warbler?,Dead
2020,10,10-06,2020-10-06,No,AM,South Quad,All Buildings of Route,NA,NA,NA
2020,10,10-06,2020-10-06,Yes,PM,South Quad,Business Instructional Facility_1206,East,Swainson's Thrush_Catharus ustulatus,Dead
2020,10,10-05,2020-10-05,Yes,AM,North Quad,Beckman Institute_228,North,Tennessee Warbler_Oreothlypis peregrina,Dead
2020,10,10-05,2020-10-05,Yes,AM,North Quad,Beckman Institute_228,West,Nashville Warbler_Oreothlypis ruficapilla,Dead
2020,10,10-05,2020-10-05,Yes,AM,North Quad,Beckman Institute_228,East,Red-breasted Nuthatch_Sitta canadensis,Dead
2020,10,10-07,2020-10-07,Yes,AM,North Quad,North Campus Parking Deck_1094,North,Nashville Warbler_Oreothlypis ruficapilla,Dead
2020,10,10-04,2020-10-04,Yes,PM,North Quad,Beckman Institute_228,East,Unidentifiable,Dead
2020,10,10-05,2020-10-05,Yes,PM,South Quad,English Building_44,South,American Robin_Turdus migratorius,Alive
2020,10,10-06,2020-10-06,No,PM,North Quad,NA,NA,NA,NA
2020,10,10-08,2020-10-08,No,AM,South Quad,All Buildings of Route,NA,NA,NA
2020,10,10-07,2020-10-07,No,PM,South Quad,NA,NA,NA,NA
2020,10,10-08,2020-10-08,No,PM,North Quad,NA,NA,NA,NA
2020,10,10-08,2020-10-08,Yes,PM,South Quad,Agricultural Engineering Sciences Building_8,West,NA,Dead
2020,10,10-08,2020-10-08,Yes,PM,South Quad,Business Instructional Facility_1206,South,NA,Dead
2020,10,10-09,2020-10-09,Yes,AM,North Quad,Beckman Institute_228,North,Northern Flicker_Colaptes auratus,Dead
2020,10,10-09,2020-10-09,Yes,AM,North Quad,Beckman Institute_228,North,NA,Dead
2020,10,10-09,2020-10-09,Yes,AM,North Quad,Beckman Institute_228,West,NA,Dead
2020,10,10-02,2020-10-02,No,PM,North Quad,All Buildings of Route,NA,NA,NA
2020,10,10-04,2020-10-04,No,AM,North Quad,All Buildings of Route,NA,NA,NA
2020,10,10-09,2020-10-09,Yes,PM,North Quad,Beckman Institute_228,East,NA,Dead
2020,10,10-09,2020-10-09,Yes,PM,North Quad,Coordinated Science Laboratory_148,North,NA,Dead
2020,10,10-09,2020-10-09,Yes,PM,South Quad,Education Building_160,West,NA,Dead
2020,10,10-10,2020-10-10,Yes,AM,North Quad,Beckman Institute_228,South,Unidentifiable,Dead
2020,10,10-10,2020-10-10,No,PM,South Quad,All Buildings of Route,South,NA,NA
2020,10,10-11,2020-10-11,Yes,PM,North Quad,Siebel Center for Computer Science_563,West,Yellow-bellied Sapsucker_Sphyrapicus varius,Dead
2020,10,10-11,2020-10-11,Yes,PM,North Quad,Siebel Center for Computer Science_563,West,Warbler?,Dead
2020,10,10-11,2020-10-11,Yes,PM,North Quad,Electrical and Computer Engineering_409,East,Flycatcher?,Dead
2020,10,10-11,2020-10-11,No,AM,South Quad,All Buildings of Route,NA,NA,NA
2020,10,10-12,2020-10-12,Yes,AM,South Quad,Krannert Art Museum_220,South,White-throated Sparrow_Zonotrichia albicollis,Dead
2020,10,10-12,2020-10-12,Yes,AM,South Quad,Law Building_156,North,Lincoln's Sparrow_Melospiza lincolnii,Dead
2020,10,10-10,2020-10-10,Yes,PM,North Quad,Beckman Institute_228,North,NA,Dead
2020,10,10-11,2020-10-11,No,AM,North Quad,All Buildings of Route,NA,NA,NA
2020,10,10-07,2020-10-07,No,PM,North Quad,All Buildings of Route,NA,NA,NA
2020,10,10-15,2020-10-15,Yes,AM,South Quad,Temple Hoyne Buell Hall_339,West,NA,Dead
2020,10,10-13,2020-10-13,Yes,AM,North Quad,Beckman Institute_228,North,NA,Dead
2020,10,10-13,2020-10-13,Yes,AM,North Quad,Beckman Institute_228,North,NA,Dead
2020,10,10-15,2020-10-15,No,AM,North Quad,All Buildings of Route,NA,NA,NA
2020,10,10-14,2020-10-14,Yes,AM,South Quad,Temple Hoyne Buell Hall_339,West,Song Sparrow_Melospiza melodia,Dead
2020,10,10-16,2020-10-16,Yes,AM,South Quad,Law Building_156,North,White-throated Sparrow_Zonotrichia albicollis,Alive
2020,10,10-18,2020-10-18,Yes,AM,South Quad,Agricultural Engineering Sciences Building_8,North,American Robin_Turdus migratorius,Dead
2020,10,10-18,2020-10-18,Yes,AM,South Quad,Business Instructional Facility_1206,South,White-throated Sparrow_Zonotrichia albicollis,Dead
2020,10,10-18,2020-10-18,Yes,AM,South Quad,Business Instructional Facility_1206,South,NA,Dead
2020,10,10-18,2020-10-18,Yes,AM,South Quad,Krannert Art Museum_220,North,Virginia Rail_Rallus limicola,Dead
2020,10,10-11,2020-10-11,No,NA,North Quad,NA,NA,NA,NA
2020,10,10-12,2020-10-12,Yes,PM,South Quad,English Building_44,South,Tennessee Warbler_Oreothlypis peregrina,Alive
2020,10,10-13,2020-10-13,Yes,PM,North Quad,Siebel Center for Computer Science_563,North,Chipping Sparrow_Spizella passerina,Dead
2020,10,10-13,2020-10-13,Yes,PM,North Quad,Beckman Institute_228,East,Tennessee Warbler_Oreothlypis peregrina,Dead
2020,10,10-14,2020-10-14,No,PM,South Quad,All Buildings of Route,NA,NA,NA
2020,10,10-15,2020-10-15,Yes,PM,North Quad,Siebel Center for Computer Science_563,North,Unidentifiable,Dead
2020,10,10-16,2020-10-16,No,PM,South Quad,All Buildings of Route,NA,NA,NA
2020,10,10-17,2020-10-17,Yes,AM,North Quad,Micro and Nanotechnology Laboratory_237,North,NA,Dead
2020,10,10-18,2020-10-18,Yes,PM,North Quad,North Campus Parking Deck_1094,West,Nashville Warbler_Oreothlypis ruficapilla,Dead
2020,10,10-18,2020-10-18,No,PM,South Quad,All Buildings of Route,NA,NA,NA
2020,10,10-16,2020-10-16,Yes,AM,North Quad,Siebel Center for Computer Science_563,East,unknown,Dead
2020,10,10-16,2020-10-16,Yes,AM,North Quad,Siebel Center for Computer Science_563,North,unknown,Dead
